fx,recall,precision
45.625835616173305,9.074410163339383E-4,1.0
45.33862456708638,0.0018148820326678765,1.0
44.07328737585465,0.0027223230490018148,1.0
43.31622783966401,0.003629764065335753,1.0
42.81944526490115,0.004537205081669692,1.0
41.92162295917776,0.0054446460980036296,1.0
41.160168890403625,0.006352087114337568,1.0
40.52680348186249,0.007259528130671506,1.0
40.181863129602185,0.008166969147005444,1.0
39.71354558882335,0.009074410163339383,1.0
38.48205372519442,0.009981851179673321,1.0
38.40454242449732,0.010889292196007259,1.0
38.39550688851433,0.011796733212341199,1.0
36.98084405161998,0.012704174228675136,1.0
35.91736859683715,0.013611615245009074,1.0
35.47038578179402,0.014519056261343012,1.0
35.46056891200026,0.015426497277676952,1.0
35.078296054566664,0.016333938294010888,1.0
34.95290626776664,0.017241379310344827,1.0
33.39893893088146,0.018148820326678767,1.0
33.07423713504572,0.019056261343012703,1.0
32.22578117998041,0.019963702359346643,1.0
31.13561707770927,0.020871143375680582,1.0
31.08745237562993,0.021778584392014518,1.0
30.533001695984005,0.022686025408348458,1.0
30.38625348003159,0.023593466424682397,1.0
29.94004213053286,0.024500907441016333,1.0
29.845718163610563,0.025408348457350273,1.0
29.702302857983284,0.02631578947368421,1.0
29.467050831834573,0.02722323049001815,1.0
29.361515337578396,0.028130671506352088,1.0
29.207445021004848,0.029038112522686024,1.0
28.915041104133657,0.029945553539019964,1.0
28.84822139823663,0.030852994555353903,1.0
28.643826560723145,0.03176043557168784,1.0
28.606660493008643,0.032667876588021776,1.0
27.9588356995816,0.03357531760435572,1.0
27.936513915630506,0.034482758620689655,1.0
27.35533192841273,0.03539019963702359,1.0
26.574123879003814,0.036297640653357534,1.0
26.28715603676492,0.03720508166969147,1.0
25.996623482469758,0.038112522686025406,1.0
25.833780582290867,0.03901996370235935,1.0
25.324152525660608,0.039927404718693285,1.0
24.780636980523774,0.04083484573502722,1.0
24.464845409141915,0.041742286751361164,1.0
24.324344672197544,0.0426497277676951,1.0
24.24470762420887,0.043557168784029036,1.0
24.029731501126626,0.04446460980036298,1.0
23.76373985224355,0.045372050816696916,1.0
23.266121276051262,0.04627949183303085,1.0
23.207028486544864,0.047186932849364795,1.0
23.19543013469065,0.04809437386569873,1.0
23.133590130318744,0.04900181488203267,1.0
22.915579065994237,0.0499092558983666,1.0
22.61872489662917,0.050816696914700546,1.0
21.88527361779592,0.05172413793103448,1.0
21.65117097696693,0.05263157894736842,1.0
21.649737191441094,0.05353901996370236,1.0
21.575362802707964,0.0544464609800363,1.0
21.33945844985928,0.05535390199637023,1.0
21.33941572183391,0.056261343012704176,1.0
21.26392688756468,0.05716878402903811,1.0
21.138446130147926,0.05807622504537205,1.0
21.003053674165557,0.05898366606170599,1.0
20.9429509275699,0.05989110707803993,1.0
20.766309560603517,0.060798548094373864,1.0
20.731647436322476,0.06170598911070781,1.0
20.715219806228866,0.06261343012704174,1.0
20.7119137088019,0.06352087114337568,1.0
20.44682858450226,0.06442831215970962,1.0
20.30331057604071,0.06533575317604355,1.0
20.27476139383741,0.0662431941923775,1.0
19.964081253769276,0.06715063520871144,1.0
19.927564787591876,0.06805807622504537,1.0
19.88717601418416,0.06896551724137931,1.0
19.780157707040427,0.06987295825771325,1.0
19.67226931891829,0.07078039927404718,1.0
19.601990206305167,0.07168784029038112,1.0
19.536721923576128,0.07259528130671507,1.0
19.450864774690373,0.073502722323049,1.0
19.41777477602918,0.07441016333938294,1.0
19.349739643564007,0.07531760435571688,1.0
19.262495663871277,0.07622504537205081,1.0
19.261059194959792,0.07713248638838476,1.0
19.251882618240398,0.0780399274047187,1.0
19.059965882005947,0.07894736842105263,1.0
19.05985748001445,0.07985480943738657,1.0
18.753399708455728,0.08076225045372051,1.0
18.715946243793617,0.08166969147005444,1.0
18.65802012719591,0.08257713248638839,1.0
18.60490495231946,0.08348457350272233,1.0
18.539310992071513,0.08439201451905626,1.0
18.532198513118352,0.0852994555353902,1.0
18.390839873854443,0.08620689655172414,1.0
18.374589377009453,0.08711433756805807,1.0
18.107515203230456,0.08802177858439202,1.0
18.081967473403484,0.08892921960072596,1.0
17.94047378621284,0.08983666061705989,1.0
17.929165219648844,0.09074410163339383,1.0
17.90411952298136,0.09165154264972777,1.0
17.853670195636454,0.0925589836660617,1.0
17.745605428621758,0.09346642468239565,1.0
17.68899709315987,0.09437386569872959,1.0
17.55383426286724,0.09528130671506352,1.0
17.536188862925385,0.09618874773139746,1.0
17.526006115750675,0.09709618874773139,1.0
17.4923087629671,0.09800362976406533,1.0
17.480296736271338,0.09891107078039928,1.0
17.42186422388129,0.0998185117967332,1.0
17.38415025615833,0.10072595281306715,1.0
17.261706467586215,0.10163339382940109,1.0
17.25643930476356,0.10254083484573502,1.0
17.196740508374546,0.10344827586206896,1.0
17.162011140933235,0.10435571687840291,1.0
17.12720647416029,0.10526315789473684,1.0
17.0975830028006,0.10617059891107078,1.0
17.07706545141945,0.10707803992740472,1.0
17.074437776729344,0.10798548094373865,1.0
17.01754268334064,0.1088929219600726,1.0
16.996867539275904,0.10980036297640654,1.0
16.844630328151315,0.11070780399274047,1.0
16.807267326218483,0.11161524500907441,1.0
16.789427142389968,0.11252268602540835,1.0
16.705861775996073,0.11343012704174228,1.0
16.689160566859883,0.11433756805807622,1.0
16.5383061600801,0.11524500907441017,1.0
16.247868669155785,0.1161524500907441,1.0
16.153242305063284,0.11705989110707804,1.0
16.096677301028336,0.11796733212341198,1.0
16.056373734221182,0.11887477313974591,1.0
16.043300028089888,0.11978221415607986,1.0
16.023554587767393,0.1206896551724138,1.0
16.0013840653059,0.12159709618874773,1.0
15.999201304432896,0.12250453720508167,1.0
15.838151556549008,0.12341197822141561,1.0
15.822380437113338,0.12431941923774954,1.0
15.712097918603941,0.12522686025408347,1.0
15.689826468257836,0.12613430127041741,1.0
15.670703591264573,0.12704174228675136,1.0
15.604886952383794,0.1279491833030853,1.0
15.468361735154343,0.12885662431941924,1.0
15.42761685956102,0.1297640653357532,1.0
15.4183199280526,0.1306715063520871,1.0
15.414705480914197,0.13157894736842105,1.0
15.409556425462533,0.132486388384755,1.0
15.351738623614986,0.13339382940108893,1.0
15.335812035865935,0.13430127041742287,1.0
15.326627608967447,0.13520871143375682,1.0
15.316412163923426,0.13611615245009073,1.0
15.31122075884949,0.13702359346642468,1.0
15.2816465982764,0.13793103448275862,1.0
15.241306786435736,0.13883847549909256,1.0
15.210050588660144,0.1397459165154265,1.0
15.054061686042115,0.14065335753176045,1.0
14.942700991068557,0.14156079854809436,1.0
14.911344527180317,0.1424682395644283,1.0
14.889947722222736,0.14337568058076225,1.0
14.880705600124465,0.1442831215970962,1.0
14.847805105095617,0.14519056261343014,1.0
14.83733846210376,0.14609800362976408,1.0
14.836407440743251,0.147005444646098,1.0
14.835602853503817,0.14791288566243194,1.0
14.762794799966485,0.14882032667876588,1.0
14.731370550639854,0.14972776769509982,1.0
14.700924237482164,0.15063520871143377,1.0
14.662113624584958,0.1515426497277677,1.0
14.610416303910805,0.15245009074410162,1.0
14.609118252241224,0.15335753176043557,1.0
14.585760578415233,0.1542649727767695,1.0
14.567252560091019,0.15517241379310345,1.0
14.54339489099432,0.1560798548094374,1.0
14.536059564888648,0.1569872958257713,1.0
14.512128849482778,0.15789473684210525,1.0
14.349703135662448,0.1588021778584392,1.0
14.336319166230577,0.15970961887477314,1.0
14.269693871401095,0.16061705989110708,1.0
14.265197458482804,0.16152450090744103,1.0
14.257382797219034,0.16243194192377494,1.0
14.228637721064214,0.16333938294010888,1.0
14.175841416675928,0.16424682395644283,1.0
14.153782352538233,0.16515426497277677,1.0
14.137619552887863,0.16606170598911071,1.0
14.109818470033302,0.16696914700544466,1.0
14.066114940987731,0.16787658802177857,1.0
14.063702967556331,0.16878402903811252,1.0
14.048204752357664,0.16969147005444646,1.0
14.039378722350442,0.1705989110707804,1.0
14.021129175488333,0.17150635208711434,1.0
13.927284193398592,0.1724137931034483,1.0
13.92631267514522,0.1733212341197822,1.0
13.876005100841002,0.17422867513611615,1.0
13.873505225088454,0.1751361161524501,1.0
13.867111731169732,0.17604355716878403,1.0
13.826841897435612,0.17695099818511797,1.0
13.818832204826382,0.17785843920145192,1.0
13.81841274214623,0.17876588021778583,1.0
13.788156969439658,0.17967332123411978,1.0
13.764099714786262,0.18058076225045372,1.0
13.65010858675222,0.18148820326678766,1.0
13.614391966678886,0.1823956442831216,1.0
13.593333817466881,0.18330308529945555,1.0
13.585687895380435,0.18421052631578946,1.0
13.56292002221004,0.1851179673321234,1.0
13.544050873099433,0.18602540834845735,1.0
13.524603692881549,0.1869328493647913,1.0
13.4518444888357,0.18784029038112524,1.0
13.416821207008326,0.18874773139745918,1.0
13.408736719261794,0.1896551724137931,1.0
13.368293121480548,0.19056261343012704,1.0
13.357783727778596,0.19147005444646098,1.0
13.343906830377538,0.19237749546279492,1.0
13.331596840865885,0.19328493647912887,1.0
13.273760083769933,0.19419237749546278,1.0
13.238533784057513,0.19509981851179672,1.0
13.099398879278702,0.19600725952813067,1.0
13.016403115906623,0.1969147005444646,1.0
13.00751770763015,0.19782214156079855,1.0
12.963333959961473,0.1987295825771325,1.0
12.95715268019688,0.1996370235934664,1.0
12.928806002107034,0.20054446460980035,1.0
12.834429046466532,0.2014519056261343,1.0
12.800499523249767,0.20235934664246824,1.0
12.750199649138542,0.20326678765880218,1.0
12.709130589570343,0.20417422867513613,1.0
12.678939309439647,0.20508166969147004,1.0
12.628636062964997,0.20598911070780399,1.0
12.58254583552472,0.20689655172413793,1.0
12.565050209127374,0.20780399274047187,1.0
12.557983240681612,0.20871143375680581,1.0
12.525242844402657,0.20961887477313976,1.0
12.515262116121544,0.21052631578947367,1.0
12.484762208956568,0.21143375680580762,1.0
12.452768518952308,0.21234119782214156,1.0
12.4138803350098,0.2132486388384755,1.0
12.379811985071001,0.21415607985480944,1.0
12.351405725593064,0.2150635208711434,1.0
12.346310984101939,0.2159709618874773,1.0
12.308380985883609,0.21687840290381125,1.0
12.277997667369865,0.2177858439201452,1.0
12.26932426556422,0.21869328493647913,1.0
12.240445308248944,0.21960072595281308,1.0
12.238171566070509,0.22050816696914702,1.0
12.212573261980438,0.22141560798548093,1.0
12.157907247311568,0.22232304900181488,1.0
12.128122654380412,0.22323049001814882,1.0
12.121155231261302,0.22413793103448276,1.0
12.104028684229084,0.2250453720508167,1.0
12.098870023081538,0.22595281306715065,1.0
12.082271299112321,0.22686025408348456,1.0
12.026233697063159,0.2277676950998185,1.0
11.907711251634812,0.22867513611615245,1.0
11.895178323032441,0.2295825771324864,1.0
11.86594450099894,0.23049001814882034,1.0
11.835573364039055,0.23139745916515425,1.0
11.826267933438022,0.2323049001814882,1.0
11.808799969962129,0.23321234119782214,1.0
11.761921006065688,0.23411978221415608,1.0
11.742856456046946,0.23502722323049002,1.0
11.72144215820046,0.23593466424682397,1.0
11.708190114498416,0.23684210526315788,1.0
11.673580437472733,0.23774954627949182,1.0
11.617729526906754,0.23865698729582577,1.0
11.600267284967826,0.2395644283121597,1.0
11.592438773766407,0.24047186932849365,1.0
11.585646356051592,0.2413793103448276,1.0
11.575649984319277,0.2422867513611615,1.0
11.555810597686477,0.24319419237749546,1.0
11.534168784880524,0.2441016333938294,1.0
11.51570874043377,0.24500907441016334,1.0
11.510278381761134,0.24591651542649728,1.0
11.49905710851845,0.24682395644283123,1.0
11.433952293429636,0.24773139745916514,1.0
11.41006346928681,0.24863883847549909,1.0
11.394781682992505,0.24954627949183303,1.0
11.344991758017635,0.25045372050816694,1.0
11.311389357714305,0.2513611615245009,1.0
11.254423104316754,0.25226860254083483,1.0
11.251757489952269,0.2531760435571688,1.0
11.251720028623696,0.2540834845735027,1.0
11.220676076571408,0.25499092558983666,1.0
11.218210743982947,0.2558983666061706,1.0
11.172478584891234,0.25680580762250454,1.0
11.112372184003812,0.2577132486388385,1.0
11.070104953346739,0.25862068965517243,1.0
11.055874307213992,0.2595281306715064,1.0
11.00065263601611,0.2604355716878403,1.0
10.99826500433145,0.2613430127041742,1.0
10.990468005377458,0.26225045372050815,1.0
10.969207761470136,0.2631578947368421,1.0
10.93715150693012,0.26406533575317603,1.0
10.936399475851548,0.26497277676951,1.0
10.925347074061829,0.2658802177858439,1.0
10.8974687076122,0.26678765880217786,1.0
10.890919079741806,0.2676950998185118,1.0
10.870008715553869,0.26860254083484575,1.0
10.869809708371925,0.2695099818511797,1.0
10.846211158238019,0.27041742286751363,1.0
10.80822253097824,0.2713248638838475,1.0
10.797195387310762,0.27223230490018147,1.0
10.791409156824507,0.2731397459165154,1.0
10.716095595078675,0.27404718693284935,1.0
10.682618018156067,0.2749546279491833,1.0
10.675200592513132,0.27586206896551724,1.0
10.667135783695848,0.2767695099818512,1.0
10.608650880451702,0.2776769509981851,1.0
10.60594887475569,0.27858439201451907,1.0
10.583610245989522,0.279491833030853,1.0
10.573634559890852,0.28039927404718695,1.0
10.492907011130443,0.2813067150635209,1.0
10.470102657900002,0.2822141560798548,1.0
10.417333127214475,0.2831215970961887,1.0
10.416919203063856,0.28402903811252267,1.0
10.405596627418134,0.2849364791288566,1.0
10.399445458636288,0.28584392014519056,1.0
10.362244966825262,0.2867513611615245,1.0
10.342980062935874,0.28765880217785844,1.0
10.33761174153689,0.2885662431941924,1.0
10.31336413829966,0.2894736842105263,1.0
10.179601324459936,0.29038112522686027,1.0
10.176759004861507,0.2912885662431942,1.0
10.17648464955774,0.29219600725952816,1.0
10.129262641295814,0.29310344827586204,1.0
10.125441253147587,0.294010889292196,1.0
10.098268199029544,0.29491833030852993,1.0
10.089702550699082,0.2958257713248639,1.0
10.087381767062334,0.2967332123411978,1.0
10.045857732165391,0.29764065335753176,1.0
10.040698025607917,0.2985480943738657,1.0
10.028464366137214,0.29945553539019965,1.0
9.978332844735846,0.3003629764065336,1.0
9.974530463412847,0.30127041742286753,1.0
9.972865678512902,0.3021778584392015,1.0
9.960625017083732,0.3030852994555354,1.0
9.924973974683951,0.3039927404718693,1.0
9.90977064086837,0.30490018148820325,1.0
9.900314571049563,0.3058076225045372,1.0
9.873272041719005,0.30671506352087113,1.0
9.873212913759167,0.3076225045372051,1.0
9.863573830775744,0.308529945553539,1.0
9.84534207527485,0.30943738656987296,1.0
9.819137592038441,0.3103448275862069,1.0
9.757264934175314,0.31125226860254085,1.0
9.742441880969128,0.3121597096188748,1.0
9.727008838052736,0.31306715063520874,1.0
9.694011150452642,0.3139745916515426,1.0
9.687389042471729,0.31488203266787657,1.0
9.662753808386121,0.3157894736842105,1.0
9.650542371502816,0.31669691470054445,1.0
9.630521134665726,0.3176043557168784,1.0
9.598763960406014,0.31851179673321234,1.0
9.567636466759524,0.3194192377495463,1.0
9.539084994049203,0.3203266787658802,1.0
9.526108202061696,0.32123411978221417,1.0
9.524624638660766,0.3221415607985481,1.0
9.509498359940466,0.32304900181488205,1.0
9.470386616813858,0.323956442831216,1.0
9.455072283813669,0.3248638838475499,1.0
9.44935833508467,0.3257713248638838,1.0
9.42070919022568,0.32667876588021777,1.0
9.41888761303645,0.3275862068965517,1.0
9.391150856970397,0.32849364791288566,1.0
9.365002810135852,0.3294010889292196,1.0
9.332851860141183,0.33030852994555354,1.0
9.319316888647737,0.3312159709618875,1.0
9.27511030421234,0.33212341197822143,1.0
9.273674524096013,0.33303085299455537,1.0
9.268045288226311,0.3339382940108893,1.0
9.256260423019318,0.33484573502722326,1.0
9.25373667615822,0.33575317604355714,1.0
9.237377930726222,0.3366606170598911,1.0
9.236415140511845,0.33756805807622503,1.0
9.233899074451275,0.338475499092559,1.0
9.228877519392201,0.3393829401088929,1.0
9.192358010963154,0.34029038112522686,1.0
9.180707243876272,0.3411978221415608,1.0
9.125051039333307,0.34210526315789475,1.0
9.120811889465035,0.3430127041742287,1.0
9.094130288259848,0.34392014519056263,1.0
9.08515936621638,0.3448275862068966,1.0
9.052786551175018,0.3457350272232305,1.0
9.039669288800177,0.3466424682395644,1.0
9.039624211272177,0.34754990925589835,1.0
8.968955104910972,0.3484573502722323,1.0
8.955450437938197,0.34936479128856623,1.0
8.941992164154698,0.3502722323049002,1.0
8.940347483025308,0.3511796733212341,1.0
8.902188174026907,0.35208711433756806,1.0
8.877261064970384,0.352994555353902,1.0
8.868634864699445,0.35390199637023595,1.0
8.782602338121118,0.3548094373865699,1.0
8.759813922923215,0.35571687840290384,1.0
8.732080586472073,0.3566243194192377,1.0
8.722055691229869,0.35753176043557167,1.0
8.71669550739174,0.3584392014519056,1.0
8.673256634257303,0.35934664246823955,1.0
8.668003339780475,0.3602540834845735,1.0
8.648115062866948,0.36116152450090744,1.0
8.644997577224864,0.3620689655172414,1.0
8.642005521350757,0.3629764065335753,1.0
8.6214579286692,0.36388384754990927,1.0
8.580558295491613,0.3647912885662432,1.0
8.576440648493257,0.36569872958257715,1.0
8.546754584279938,0.3666061705989111,1.0
8.524033683333126,0.367513611615245,1.0
8.502404426627699,0.3684210526315789,1.0
8.49665869063604,0.36932849364791287,1.0
8.465735037057996,0.3702359346642468,1.0
8.44293478395721,0.37114337568058076,1.0
8.434232257807674,0.3720508166969147,1.0
8.360179825126327,0.37295825771324864,1.0
8.329652145961038,0.3738656987295826,1.0
8.30053521717201,0.37477313974591653,1.0
8.296845982692552,0.37568058076225047,1.0
8.296078079577605,0.3765880217785844,1.0
8.293392940288062,0.37749546279491836,1.0
8.28634869704646,0.37840290381125224,1.0
8.283453834204206,0.3793103448275862,1.0
8.27332492244944,0.38021778584392013,1.0
8.266698228814668,0.3811252268602541,1.0
8.262789719125692,0.382032667876588,1.0
8.253043607013055,0.38294010889292196,1.0
8.211723285029453,0.3838475499092559,1.0
8.209922165604876,0.38475499092558985,1.0
8.1918994809979,0.3856624319419238,1.0
8.17418790898561,0.38656987295825773,1.0
8.146794165101209,0.3874773139745917,1.0
8.133085814342703,0.38838475499092556,1.0
8.1220076108282,0.3892921960072595,1.0
8.11921430477981,0.39019963702359345,1.0
8.115600630530292,0.3911070780399274,1.0
8.115216993390604,0.39201451905626133,1.0
8.058164138946596,0.3929219600725953,1.0
8.020611672071677,0.3938294010889292,1.0
8.020364469254682,0.39473684210526316,1.0
8.008952009069134,0.3956442831215971,1.0
7.969124289028503,0.39655172413793105,1.0
7.965392132677561,0.397459165154265,1.0
7.962669530524621,0.39836660617059894,1.0
7.958139669508654,0.3992740471869328,1.0
7.957890723276936,0.40018148820326677,1.0
7.956594314956027,0.40018148820326677,0.997737556561086
7.95291252108937,0.4010889292196007,0.9977426636568849
7.945424445636378,0.40199637023593465,0.9977477477477478
7.937393610352507,0.4029038112522686,0.9977528089887641
7.935132552064467,0.40381125226860254,0.9977578475336323
7.902707513848716,0.4047186932849365,0.9977628635346756
7.900418975784879,0.4056261343012704,0.9977678571428571
7.883516532150735,0.40653357531760437,0.9977728285077951
7.8601313726017485,0.4074410163339383,0.9977777777777778
7.85338495127036,0.40834845735027225,0.9977827050997783
7.850022378517957,0.4092558983666062,0.9977876106194691
7.838364106860964,0.4101633393829401,0.9977924944812362
7.824104507845282,0.411070780399274,0.9977973568281938
7.786821698038953,0.41197822141560797,0.9978021978021978
7.779941371419963,0.4128856624319419,0.9978070175438597
7.769101851432558,0.4128856624319419,0.9956236323851203
7.767003137776389,0.41379310344827586,0.9956331877729258
7.743862151045996,0.4147005444646098,0.9956427015250545
7.742264999370308,0.41560798548094374,0.9956521739130435
7.724452217713939,0.4165154264972777,0.9956616052060737
7.718364328519108,0.41742286751361163,0.9956709956709957
7.681363441663916,0.41833030852994557,0.9956803455723542
7.679594724670495,0.4192377495462795,0.9956896551724138
7.678564847435677,0.42014519056261346,0.9956989247311828
7.676009811045227,0.42105263157894735,0.9957081545064378
7.6490323809342025,0.4219600725952813,0.9957173447537473
7.625842582382942,0.42286751361161523,0.9957264957264957
7.620983506245444,0.4237749546279492,0.9957356076759062
7.620078684051199,0.4246823956442831,0.9957446808510638
7.616706243940868,0.42558983666061706,0.9957537154989384
7.614695755692815,0.426497277676951,0.9957627118644068
7.60978868633101,0.42740471869328495,0.9957716701902748
7.594702053262528,0.4283121597096189,0.9957805907172996
7.587684939467755,0.42921960072595283,0.9957894736842106
7.565586400321489,0.4301270417422868,0.9957983193277311
7.556621644173562,0.43103448275862066,0.9958071278825996
7.544573338513834,0.4319419237749546,0.99581589958159
7.533815440582302,0.43284936479128855,0.9958246346555324
7.528743140844999,0.4337568058076225,0.9958333333333333
7.520707673882808,0.43466424682395643,0.9958419958419958
7.512569002406911,0.4355716878402904,0.995850622406639
7.5108316302952005,0.4364791288566243,0.9958592132505176
7.50309050636171,0.43738656987295826,0.9958677685950413
7.481691440933582,0.4382940108892922,0.9958762886597938
7.443243123337742,0.43920145190562615,0.9958847736625515
7.421284589645479,0.4401088929219601,0.9958932238193019
7.4164408639641595,0.44101633393829404,0.9959016393442623
7.401864220203377,0.4419237749546279,0.9959100204498977
7.363514613242055,0.44283121597096187,0.9959183673469387
7.336627161780534,0.4437386569872958,0.9959266802443992
7.31982142875945,0.44464609800362975,0.9959349593495935
7.3144576532189705,0.4455535390199637,0.9959432048681541
7.285942421559639,0.44646098003629764,0.9959514170040485
7.284476911966509,0.4473684210526316,0.9959595959595959
7.276378305671163,0.4482758620689655,0.9959677419354839
7.24485201754592,0.44918330308529947,0.9959758551307847
7.207090799675576,0.4500907441016334,0.9959839357429718
7.203845708057536,0.45099818511796735,0.9959919839679359
7.183150835943282,0.4519056261343013,0.996
7.176375688379399,0.4528130671506352,0.9960079840319361
7.17331125647981,0.4537205081669691,0.9960159362549801
7.169234201268971,0.45462794918330307,0.9960238568588469
7.1629652827379955,0.455535390199637,0.996031746031746
7.156537567824789,0.45644283121597096,0.996039603960396
7.151329178679678,0.4573502722323049,0.9960474308300395
7.148773849989815,0.45825771324863884,0.9960552268244576
7.136801035015247,0.4591651542649728,0.9960629921259843
7.131654686751139,0.46007259528130673,0.9960707269155207
7.131433853536414,0.46098003629764067,0.996078431372549
7.127912610746724,0.4618874773139746,0.9960861056751468
7.106622844551766,0.4627949183303085,0.99609375
7.094262539490829,0.46370235934664245,0.9961013645224172
7.084409718832483,0.4646098003629764,0.9961089494163424
7.075646244087697,0.46551724137931033,0.996116504854369
7.041159967773303,0.4664246823956443,0.9961240310077519
7.0399616105962695,0.4673321234119782,0.9961315280464217
7.032228354595577,0.46823956442831216,0.9961389961389961
7.031475852279375,0.4691470054446461,0.9961464354527938
7.0238140879932915,0.47005444646098005,0.9961538461538462
7.01678712728268,0.470961887477314,0.9961612284069098
7.0153272185814455,0.47186932849364793,0.9961685823754789
7.0143052014709415,0.4727767695099819,0.9961759082217974
6.987939491810697,0.47368421052631576,0.9961832061068703
6.98782109351895,0.4745916515426497,0.9961904761904762
6.982730301453823,0.47549909255898365,0.9961977186311787
6.980166634720061,0.4764065335753176,0.9962049335863378
6.978105590106631,0.47731397459165154,0.9962121212121212
6.969101807420426,0.4782214156079855,0.996219281663516
6.947837214588719,0.4791288566243194,0.9962264150943396
6.9214499142203145,0.48003629764065336,0.9962335216572504
6.90821734050048,0.4809437386569873,0.9962406015037594
6.871793418135342,0.48185117967332125,0.9962476547842402
6.8620837271999875,0.4827586206896552,0.9962546816479401
6.857781241989648,0.4827586206896552,0.994392523364486
6.842272075779361,0.48366606170598914,0.9944029850746269
6.818423288518827,0.484573502722323,0.994413407821229
6.805560611220587,0.48548094373865697,0.9944237918215614
6.801260631951673,0.4863883847549909,0.9944341372912802
6.773720367581907,0.4863883847549909,0.9925925925925926
6.757430183282192,0.48729582577132485,0.9926062846580407
6.731516540155756,0.4882032667876588,0.992619926199262
6.670245578070395,0.48911070780399274,0.992633517495396
6.668708416753529,0.4900181488203267,0.9926470588235294
6.6666849395849885,0.4909255898366606,0.9926605504587156
6.66430726512742,0.49183303085299457,0.9926739926739927
6.659133616537994,0.4927404718693285,0.9926873857404022
6.653477386536683,0.49364791288566245,0.9927007299270073
6.648770803575835,0.4945553539019964,0.9927140255009107
6.633902374187979,0.4954627949183303,0.9927272727272727
6.617354875663356,0.49637023593466423,0.9927404718693285
6.612382645119011,0.49637023593466423,0.9909420289855072
6.608142651032997,0.49727767695099817,0.9909584086799277
6.59064188979467,0.4981851179673321,0.9909747292418772
6.585331789720614,0.49909255898366606,0.990990990990991
6.5765832370480934,0.5,0.9910071942446043
6.575908134261676,0.5009074410163339,0.9910233393177738
6.5530972496400555,0.5018148820326679,0.9910394265232975
6.5429359881591935,0.5027223230490018,0.9910554561717353
6.524874494440277,0.5036297640653358,0.9910714285714286
6.519743915369968,0.5045372050816697,0.9910873440285205
6.516576967066019,0.5054446460980037,0.9911032028469751
6.465515431751942,0.5063520871143375,0.9911190053285968
6.46192943608961,0.5072595281306715,0.9911347517730497
6.445512333931338,0.5081669691470054,0.9911504424778761
6.442505281704359,0.5090744101633394,0.991166077738516
6.441885264625088,0.5099818511796733,0.9911816578483245
6.435392665980923,0.5108892921960072,0.9911971830985915
6.427975421725146,0.5117967332123412,0.9912126537785588
6.420755576002143,0.5127041742286751,0.9912280701754386
6.413876863228222,0.5136116152450091,0.9912434325744308
6.4126538890680855,0.514519056261343,0.9912587412587412
6.385782479762176,0.515426497277677,0.9912739965095986
6.385086326876609,0.5163339382940109,0.9912891986062717
6.355225610085892,0.5172413793103449,0.991304347826087
6.349023749107367,0.5181488203266787,0.9913194444444444
6.332165102740868,0.5190562613430127,0.9913344887348353
6.32672529722643,0.5199637023593466,0.9913494809688581
6.320959532473672,0.5208711433756806,0.9913644214162349
6.301961453013772,0.5217785843920145,0.9913793103448276
6.298341933371627,0.5226860254083484,0.9913941480206541
6.292774653151802,0.5235934664246824,0.9914089347079038
6.257491831716672,0.5245009074410163,0.9914236706689536
6.231593890538618,0.5254083484573503,0.9914383561643836
6.178244005276058,0.5263157894736842,0.9914529914529915
6.174298062349886,0.5272232304900182,0.9914675767918089
6.1670012403675845,0.5281306715063521,0.9914821124361158
6.1581954865069894,0.5290381125226861,0.9914965986394558
6.15391065032362,0.52994555353902,0.9915110356536503
6.1527623604637665,0.530852994555354,0.9915254237288136
6.149006110508759,0.5317604355716878,0.9915397631133672
6.114652557624455,0.5326678765880217,0.9915540540540541
6.098556889713396,0.5335753176043557,0.9915682967959528
6.098503591877212,0.5344827586206896,0.9915824915824916
6.091865139468917,0.5353901996370236,0.9915966386554622
6.073426611887143,0.5362976406533575,0.9916107382550335
6.060027943528112,0.5372050816696915,0.9916247906197655
6.054867677383717,0.5381125226860254,0.9916387959866221
6.049984136801092,0.5390199637023594,0.991652754590985
6.0340001992267664,0.5399274047186933,0.9916666666666667
6.031876616585724,0.5408348457350273,0.9916805324459235
6.007592152722769,0.5417422867513612,0.9916943521594684
5.968307889982785,0.542649727767695,0.9917081260364843
5.965738805708461,0.543557168784029,0.9917218543046358
5.961584725798283,0.5444646098003629,0.9917355371900827
5.956131382387851,0.5453720508166969,0.9917491749174917
5.948252096210122,0.5462794918330308,0.9917627677100495
5.92084620032074,0.5471869328493648,0.9917763157894737
5.890197068710088,0.5480943738656987,0.9917898193760263
5.883109123866628,0.5490018148820327,0.9918032786885246
5.864085293835515,0.5499092558983666,0.9918166939443536
5.828195105943825,0.5508166969147006,0.9918300653594772
5.825471368372707,0.5517241379310345,0.9918433931484503
5.792740160831288,0.5526315789473685,0.99185667752443
5.7793376393342175,0.5535390199637024,0.991869918699187
5.775746098817347,0.5544464609800362,0.9918831168831169
5.7723125048886095,0.5553539019963702,0.9918962722852512
5.764876021679208,0.5562613430127041,0.9919093851132686
5.753338386770338,0.5571687840290381,0.9919224555735057
5.730686766402858,0.558076225045372,0.9919354838709677
5.728644812219594,0.558983666061706,0.9919484702093397
5.727140725060088,0.5598911070780399,0.9919614147909968
5.720699262200729,0.5598911070780399,0.9903691813804173
5.707585654764946,0.5607985480943739,0.9903846153846154
5.707467778826891,0.5617059891107078,0.9904
5.7061053150406185,0.5626134301270418,0.9904153354632588
5.696464505011456,0.5626134301270418,0.988835725677831
5.691013958874506,0.5635208711433757,0.9888535031847133
5.685713980406224,0.5644283121597096,0.9888712241653418
5.6803516593335885,0.5653357531760436,0.9888888888888889
5.6747681102313985,0.5662431941923775,0.9889064976228209
5.6687163825565845,0.5671506352087115,0.9889240506329114
5.666743859714288,0.5680580762250453,0.9889415481832543
5.662315596080084,0.5689655172413793,0.9889589905362776
5.636980711965235,0.5698729582577132,0.988976377952756
5.62455313970083,0.5707803992740472,0.9889937106918238
5.5768011277279275,0.5716878402903811,0.989010989010989
5.56187893784887,0.5725952813067151,0.9890282131661442
5.558638467653094,0.573502722323049,0.9890453834115805
5.555510969108041,0.574410163339383,0.9890625
5.5424165761703135,0.5753176043557169,0.9890795631825273
5.541826723389743,0.5762250453720508,0.9890965732087228
5.529483339322237,0.5771324863883848,0.9891135303265941
5.515631600053336,0.5780399274047187,0.9891304347826086
5.50447699344206,0.5789473684210527,0.9891472868217054
5.495656856799093,0.5798548094373865,0.9891640866873065
5.475646814048609,0.5807622504537205,0.9891808346213292
5.464864007907029,0.5816696914700544,0.9891975308641975
5.44013239887446,0.5825771324863884,0.9892141756548536
5.439578525716366,0.5834845735027223,0.9892307692307692
5.435865795858225,0.5843920145190563,0.989247311827957
5.4262602760492795,0.5852994555353902,0.9892638036809815
5.409935280661511,0.5852994555353902,0.9877488514548239
5.38429501894714,0.5852994555353902,0.9862385321100917
5.3806720279970985,0.5862068965517241,0.9862595419847329
5.378212650109412,0.5871143375680581,0.9862804878048781
5.3584073956190785,0.588021778584392,0.9863013698630136
5.355625669644318,0.588929219600726,0.986322188449848
5.340342093866584,0.5898366606170599,0.9863429438543247
5.31624554764537,0.5907441016333939,0.9863636363636363
5.308627060375907,0.5916515426497277,0.9863842662632375
5.307544036783224,0.5925589836660617,0.986404833836858
5.275761334967491,0.5925589836660617,0.9849170437405732
5.275052041322861,0.5934664246823956,0.9849397590361446
5.2743662025066325,0.5943738656987296,0.9849624060150376
5.265092888681763,0.5952813067150635,0.984984984984985
5.264741201903011,0.5961887477313974,0.9850074962518741
5.23664943064057,0.5970961887477314,0.9850299401197605
5.219822599913862,0.5980036297640653,0.9850523168908819
5.217588774775239,0.5989110707803993,0.9850746268656716
5.208213896354928,0.5998185117967332,0.9850968703427719
5.199992178606489,0.6007259528130672,0.9851190476190477
5.198396633343628,0.6016333938294011,0.9851411589895989
5.197550251217813,0.6025408348457351,0.9851632047477745
5.18346063357806,0.603448275862069,0.9851851851851852
5.179627140191868,0.604355716878403,0.985207100591716
5.177156914737137,0.6052631578947368,0.9852289512555391
5.1680375366991935,0.6061705989110708,0.9852507374631269
5.167926770965112,0.6070780399274047,0.9852724594992637
5.142217601489278,0.6079854809437386,0.9852941176470589
5.141209994351958,0.6088929219600726,0.9853157121879589
5.122897089351331,0.6098003629764065,0.9853372434017595
5.120173054240973,0.6107078039927405,0.9853587115666179
5.116579613437331,0.6116152450090744,0.9853801169590644
5.1145258133721825,0.6125226860254084,0.9854014598540146
5.112479567385409,0.6134301270417423,0.9854227405247813
5.111972281831721,0.6143375680580763,0.9854439592430859
5.111745910988793,0.6152450090744102,0.9854651162790697
5.09113243855785,0.6161524500907442,0.9854862119013063
5.086015045427826,0.617059891107078,0.9855072463768116
5.084701051856034,0.6179673321234119,0.9855282199710564
5.072277325133204,0.6188747731397459,0.9855491329479769
5.065256058362811,0.6197822141560798,0.9855699855699855
5.060346831235878,0.6206896551724138,0.9855907780979827
5.052254800665438,0.6215970961887477,0.9856115107913669
5.039057471706746,0.6225045372050817,0.985632183908046
5.03132066260944,0.6234119782214156,0.9856527977044476
5.025101597971786,0.6243194192377496,0.9856733524355301
5.017922384691051,0.6252268602540835,0.9856938483547926
5.015589341153006,0.6261343012704175,0.9857142857142858
5.005027231851992,0.6270417422867514,0.985734664764622
4.9935988236353905,0.6279491833030852,0.9857549857549858
4.986717819783824,0.6288566243194192,0.9857752489331437
4.970847628838996,0.6297640653357531,0.9857954545454546
4.962277181310597,0.6306715063520871,0.9858156028368794
4.924601592772825,0.631578947368421,0.9858356940509915
4.919384905630756,0.632486388384755,0.9858557284299858
4.886880373354616,0.6333938294010889,0.9858757062146892
4.877925289572354,0.6343012704174229,0.9858956276445698
4.875942687298966,0.6352087114337568,0.9859154929577465
4.864753238133587,0.6361161524500908,0.9859353023909986
4.853249838400471,0.6370235934664247,0.9859550561797753
4.825992371883567,0.6379310344827587,0.9859747545582047
4.813004277690082,0.6388384754990926,0.9859943977591037
4.812889529624427,0.6397459165154264,0.986013986013986
4.811478626184288,0.6406533575317604,0.9860335195530726
4.804285666428262,0.6415607985480943,0.9860529986052998
4.800139636977749,0.6424682395644283,0.9860724233983287
4.7975804501274535,0.6433756805807622,0.9860917941585535
4.796219341920517,0.6442831215970962,0.9861111111111112
4.778526049373034,0.6451905626134301,0.986130374479889
4.777791876065746,0.6460980036297641,0.9861495844875346
4.772507696095404,0.647005444646098,0.9861687413554634
4.76270858306193,0.647005444646098,0.9848066298342542
4.749966755201403,0.647912885662432,0.9848275862068966
4.748989795637337,0.6488203266787659,0.9848484848484849
4.74802859807146,0.6497277676950998,0.984869325997249
4.724236342585082,0.6506352087114338,0.9848901098901099
4.721578178970619,0.6515426497277677,0.9849108367626886
4.716071285106652,0.6524500907441017,0.9849315068493151
4.7145873785313634,0.6533575317604355,0.9849521203830369
4.713892831339596,0.6542649727767695,0.9849726775956285
4.683935960435933,0.6551724137931034,0.984993178717599
4.657375685358039,0.6560798548094374,0.9850136239782016
4.6567048851140065,0.6569872958257713,0.9850340136054422
4.6412320680156665,0.6578947368421053,0.9850543478260869
4.63903880146866,0.6588021778584392,0.9850746268656716
4.634173708082034,0.6597096188747731,0.9850948509485095
4.628263534966242,0.6606170598911071,0.9851150202976996
4.609503843863207,0.661524500907441,0.9851351351351352
4.607040074627881,0.662431941923775,0.9851551956815114
4.58937772139578,0.6633393829401089,0.9851752021563343
4.5719865742091725,0.6642468239564429,0.9851951547779273
4.553899136812328,0.6651542649727767,0.9852150537634409
4.548255904027115,0.6660617059891107,0.9852348993288591
4.536487348665813,0.6669691470054446,0.985254691689008
4.53644640828891,0.6678765880217786,0.9852744310575636
4.530269983521032,0.6687840290381125,0.9852941176470589
4.495526312347975,0.6696914700544465,0.9853137516688919
4.492616363519928,0.6705989110707804,0.9853333333333333
4.487684161864711,0.6715063520871143,0.9853528628495339
4.477406573223408,0.6724137931034483,0.9853723404255319
4.473649455565913,0.6733212341197822,0.9853917662682603
4.471096804853486,0.6733212341197822,0.9840848806366048
4.464951107380566,0.6742286751361162,0.9841059602649007
4.461690694494433,0.6751361161524501,0.9841269841269841
4.461068838796308,0.6760435571687841,0.9841479524438573
4.443021626488733,0.676950998185118,0.9841688654353562
4.435963893864656,0.677858439201452,0.9841897233201581
4.423984771528629,0.6787658802177858,0.9842105263157894
4.400491572579734,0.6796733212341198,0.9842312746386334
4.392203320003605,0.6805807622504537,0.984251968503937
4.38995433640137,0.6814882032667876,0.9842726081258192
4.374740075771015,0.6823956442831216,0.9842931937172775
4.359604191880191,0.6833030852994555,0.984313725490196
4.355291325509745,0.6842105263157895,0.9843342036553525
4.340059909835795,0.6851179673321234,0.984354628422425
4.338258333150468,0.6860254083484574,0.984375
4.3349342898722405,0.6869328493647913,0.9843953185955787
4.330092674641571,0.6878402903811253,0.9844155844155844
4.325150063795763,0.6887477313974592,0.9844357976653697
4.283999188995144,0.6896551724137931,0.9844559585492227
4.2778225346418015,0.690562613430127,0.9844760672703752
4.266273728413831,0.691470054446461,0.9844961240310077
4.262808149203041,0.6923774954627949,0.984516129032258
4.260868751890022,0.6932849364791288,0.9845360824742269
4.242062024287645,0.6941923774954628,0.9845559845559846
4.239220589268739,0.6950998185117967,0.9845758354755784
4.237684652243315,0.6960072595281307,0.9845956354300385
4.230050955383579,0.6969147005444646,0.9846153846153847
4.224172332436638,0.6978221415607986,0.9846350832266325
4.21397644829239,0.6987295825771325,0.9846547314578005
4.212108518312037,0.6996370235934665,0.9846743295019157
4.203614750430417,0.7005444646098004,0.9846938775510204
4.195415502442787,0.7014519056261344,0.9847133757961783
4.1827812126442385,0.7023593466424682,0.9847328244274809
4.171580572096711,0.7032667876588021,0.9847522236340533
4.170074509936306,0.7041742286751361,0.9847715736040609
4.163229952499177,0.70508166969147,0.9847908745247148
4.1618582770376715,0.705989110707804,0.9848101265822785
4.156605355480339,0.7068965517241379,0.9848293299620733
4.153499054618793,0.7078039927404719,0.9848484848484849
4.131455328990988,0.7087114337568058,0.9848675914249685
4.129960808071344,0.7096188747731398,0.9848866498740554
4.128738118850344,0.7105263157894737,0.9849056603773585
4.119524827513545,0.7114337568058077,0.9849246231155779
4.1070971729517884,0.7123411978221416,0.9849435382685069
4.089715661240404,0.7132486388384754,0.9849624060150376
4.0787370303313395,0.7141560798548094,0.9849812265331664
4.06982460867766,0.7150635208711433,0.985
4.0586800620079195,0.7159709618874773,0.9850187265917603
4.055634678143764,0.7168784029038112,0.9850374064837906
3.9927754758841445,0.7177858439201452,0.9850560398505604
3.9845419342182824,0.7186932849364791,0.9850746268656716
3.983120343864747,0.7196007259528131,0.9850931677018634
3.979989432413542,0.720508166969147,0.9851116625310173
3.977211209764742,0.721415607985481,0.9851301115241635
3.9584756122315548,0.7223230490018149,0.9851485148514851
3.936379431460609,0.7232304900181489,0.9851668726823238
3.9246767250001007,0.7241379310344828,0.9851851851851852
3.9217167872212775,0.7241379310344828,0.9839704069050554
3.903476544644211,0.7250453720508166,0.9839901477832512
3.9002871827355503,0.7259528130671506,0.984009840098401
3.8855637269472756,0.7268602540834845,0.984029484029484
3.862352289471146,0.7268602540834845,0.9828220858895705
3.8570231916453404,0.7277676950998185,0.9828431372549019
3.8539109468867707,0.7286751361161524,0.9828641370869033
3.8518405673600773,0.7295825771324864,0.9828850855745721
3.84501633632972,0.7304900181488203,0.9829059829059829
3.8420919513143206,0.7313974591651543,0.9829268292682927
3.8418927559421623,0.7323049001814882,0.9829476248477467
3.8365107389530477,0.7332123411978222,0.9829683698296837
3.8148018750586346,0.7341197822141561,0.982989064398542
3.7903471979718333,0.73502722323049,0.9830097087378641
3.7860884196008904,0.73502722323049,0.9818181818181818
3.7781709669158072,0.735934664246824,0.9818401937046005
3.754314754151929,0.7368421052631579,0.9818621523579202
3.7499207545370536,0.7377495462794919,0.9818840579710145
3.7489821077205434,0.7386569872958257,0.9819059107358263
3.747110763531815,0.7395644283121597,0.9819277108433735
3.7320628491570025,0.7404718693284936,0.9819494584837545
3.719705461995315,0.7413793103448276,0.9819711538461539
3.7152516297517506,0.7422867513611615,0.9819927971188476
3.6943829438845306,0.7431941923774955,0.9820143884892086
3.690365398616316,0.7441016333938294,0.9820359281437125
3.674222573510046,0.7450090744101633,0.9820574162679426
3.6737612462294735,0.7459165154264973,0.982078853046595
3.648574881925682,0.7468239564428312,0.9821002386634845
3.6360596157385716,0.7477313974591652,0.9821215733015495
3.593042980534372,0.7486388384754991,0.9821428571428571
3.5854340223214747,0.7495462794918331,0.9821640903686087
3.569228167147311,0.7504537205081669,0.982185273159145
3.564213839873024,0.7513611615245009,0.9822064056939501
3.5611084264433237,0.7522686025408348,0.9822274881516587
3.5590515561390634,0.7531760435571688,0.9822485207100592
3.5372633284906105,0.7540834845735027,0.9822695035460993
3.520971142472675,0.7549909255898367,0.9822904368358913
3.5064168713785424,0.7558983666061706,0.9823113207547169
3.487746897492426,0.7568058076225045,0.9823321554770318
3.4614311901243218,0.7577132486388385,0.9823529411764705
3.4581117066414437,0.7577132486388385,0.981198589894242
3.449534013713035,0.7586206896551724,0.9812206572769953
3.434446240398807,0.7595281306715064,0.981242672919109
3.43240611608101,0.7604355716878403,0.9812646370023419
3.418492336445115,0.7613430127041743,0.9812865497076023
3.412615933935386,0.7622504537205081,0.9813084112149533
3.411627195977121,0.7631578947368421,0.9813302217036173
3.411585661871491,0.764065335753176,0.9813519813519813
3.3882756113318306,0.764065335753176,0.980209545983702
3.3869419429180496,0.76497277676951,0.9802325581395349
3.3809621423694916,0.7658802177858439,0.9802555168408827
3.37408795846365,0.7658802177858439,0.9791183294663574
3.3599654742812604,0.7667876588021778,0.9791425260718424
3.3387203131256875,0.7676950998185118,0.9791666666666666
3.3355363867600984,0.7686025408348457,0.9791907514450867
3.3234795730879836,0.7695099818511797,0.9792147806004619
3.3169236814673537,0.7704174228675136,0.9792387543252595
3.3153505754081887,0.7713248638838476,0.9792626728110599
3.3117581826069578,0.7722323049001815,0.9792865362485615
3.2907576225528534,0.7731397459165155,0.9793103448275862
3.280391786881439,0.7740471869328494,0.9793340987370838
3.2738340754847286,0.7749546279491834,0.9793577981651376
3.27271769794688,0.7758620689655172,0.979381443298969
3.2659270092021666,0.7767695099818511,0.9794050343249427
3.2427499407385527,0.7776769509981851,0.9794285714285714
3.1961834568790586,0.778584392014519,0.9794520547945206
3.1558801529969234,0.779491833030853,0.9794754846066135
3.153596720893131,0.7803992740471869,0.979498861047836
3.142672178675716,0.7813067150635209,0.9795221843003413
3.1165308143391357,0.7822141560798548,0.9795454545454545
3.116476358477038,0.7831215970961888,0.9795686719636776
3.107492990542057,0.7840290381125227,0.9795918367346939
3.10203796595444,0.7849364791288567,0.9796149490373726
3.08696286424326,0.7858439201451906,0.9796380090497737
3.078534576259287,0.7867513611615246,0.9796610169491525
3.0590775438402504,0.7876588021778584,0.9796839729119639
3.0535920043042717,0.7885662431941923,0.979706877113867
3.0492427822168393,0.7885662431941923,0.9786036036036037
3.0356224252752724,0.7894736842105263,0.9786276715410573
3.0342455377293995,0.7903811252268602,0.9786516853932584
3.0342220185564512,0.7912885662431942,0.978675645342312
3.031129793834171,0.7921960072595281,0.9786995515695067
3.0292789224930194,0.7931034482758621,0.9787234042553191
3.02383156266084,0.794010889292196,0.9787472035794184
3.0097851934663757,0.79491833030853,0.9787709497206704
2.982929791649356,0.7958257713248639,0.9787946428571429
2.982098158525157,0.7967332123411979,0.9788182831661093
2.9795932606586413,0.7976406533575318,0.9788418708240535
2.976172144525459,0.7985480943738656,0.978865406006674
2.9654897575092583,0.7994555353901996,0.9788888888888889
2.9633838028684654,0.8003629764065335,0.978912319644839
2.9560309867032917,0.8012704174228675,0.9789356984478935
2.9529366632011187,0.8021778584392014,0.9789590254706534
2.9472942977016903,0.8030852994555354,0.9789823008849557
2.916157970634572,0.8030852994555354,0.9779005524861878
2.91530618692624,0.8039927404718693,0.977924944812362
2.8984226157932844,0.8049001814882033,0.9779492833517089
2.8817769077272373,0.8058076225045372,0.9779735682819384
2.8666325778247588,0.8067150635208712,0.977997799779978
2.8616739184618734,0.8076225045372051,0.978021978021978
2.8516933177785697,0.808529945553539,0.9780461031833151
2.8393846046012072,0.809437386569873,0.9780701754385965
2.8300917570174513,0.8103448275862069,0.9780941949616648
2.8300019719248817,0.8112522686025408,0.9781181619256017
2.8226953928733796,0.8121597096188747,0.9781420765027322
2.8157625817364536,0.8130671506352087,0.9781659388646288
2.7947903393961875,0.8139745916515426,0.9781897491821155
2.790667080678581,0.8148820326678766,0.9782135076252724
2.780187491409075,0.8148820326678766,0.9771490750816104
2.771150026329156,0.8157894736842105,0.9771739130434782
2.761131623957482,0.8166969147005445,0.9771986970684039
2.7605618344256695,0.8176043557168784,0.9772234273318872
2.7587584152548406,0.8185117967332124,0.9772481040086674
2.749698333706279,0.8194192377495463,0.9772727272727273
2.7490367623419454,0.8203266787658802,0.9772972972972973
2.737125516177678,0.8212341197822142,0.9773218142548596
2.7271288535545546,0.822141560798548,0.9773462783171522
2.7253324802132908,0.823049001814882,0.9773706896551724
2.670315765041183,0.8239564428312159,0.9773950484391819
2.667256775770891,0.8248638838475499,0.9774193548387097
2.6650375289816326,0.8257713248638838,0.9774436090225563
2.646397682319648,0.8266787658802178,0.9774678111587983
2.6444635395673797,0.8275862068965517,0.977491961414791
2.620331875792393,0.8284936479128857,0.9775160599571735
2.6170383354434943,0.8294010889292196,0.9775401069518717
2.6123081119912053,0.8303085299455535,0.9775641025641025
2.596414026138492,0.8312159709618875,0.9775880469583778
2.589528893582457,0.8321234119782214,0.9776119402985075
2.5577426536079737,0.8330308529945554,0.9776357827476039
2.535863817494741,0.8339382940108893,0.9776595744680852
2.5051881158526887,0.8348457350272233,0.9776833156216791
2.50466097809958,0.8357531760435571,0.9777070063694268
2.5007919669558114,0.8366606170598911,0.9777306468716861
2.498354685835234,0.837568058076225,0.9777542372881356
2.488636563095329,0.838475499092559,0.9777777777777777
2.4778160236467146,0.8393829401088929,0.9778012684989429
2.4659661611446406,0.8402903811252269,0.9778247096092925
2.4635102884363773,0.8411978221415608,0.9778481012658228
2.4511116611342167,0.8421052631578947,0.9778714436248683
2.44349546237646,0.8430127041742287,0.9778947368421053
2.4309266694122416,0.8439201451905626,0.9779179810725552
2.3577901535562056,0.8448275862068966,0.9779411764705882
2.345261435552717,0.8448275862068966,0.9769150052465897
2.3174459653195623,0.8457350272232305,0.9769392033542977
2.30221803864907,0.8466424682395645,0.9769633507853404
2.2937095926697366,0.8475499092558983,0.9769874476987448
2.277438437279031,0.8484573502722323,0.9770114942528736
2.2763927310852377,0.8493647912885662,0.9770354906054279
2.275016991749734,0.8493647912885662,0.9760166840458812
2.26863781044856,0.8502722323049002,0.9760416666666667
2.255250906937469,0.8511796733212341,0.9760665972944849
2.2469142050922826,0.852087114337568,0.9760914760914761
2.2426514918879534,0.852994555353902,0.9761163032191069
2.231144059732522,0.8539019963702359,0.9761410788381742
2.2307474781073036,0.8548094373865699,0.9761658031088083
2.2264680904741647,0.8557168784029038,0.9761904761904762
2.2246393857916367,0.8566243194192378,0.9762150982419855
2.2167942995408145,0.8575317604355717,0.9762396694214877
2.2109315949910817,0.8575317604355717,0.9752321981424149
2.2098957131537724,0.8584392014519057,0.9752577319587629
2.2054195703012,0.8593466424682396,0.9752832131822863
2.2009919992436844,0.8602540834845736,0.9753086419753086
2.1710520351265874,0.8611615245009074,0.9753340184994861
2.170524470876007,0.8620689655172413,0.9753593429158111
2.168005438753507,0.8620689655172413,0.9743589743589743
2.1623116599591388,0.8629764065335753,0.9743852459016393
2.1562794646539842,0.8638838475499092,0.9744114636642784
2.1509403050848355,0.8647912885662432,0.9744376278118609
2.1432982828682774,0.8656987295825771,0.9744637385086823
2.1388673730221517,0.8666061705989111,0.9744897959183674
2.1159783969549912,0.867513611615245,0.9745158002038736
2.1126757906757248,0.868421052631579,0.9745417515274949
2.0992382129513567,0.8693284936479129,0.9745676500508647
2.0896515843335566,0.8702359346642469,0.9745934959349594
2.0523986010616504,0.8711433756805808,0.9746192893401016
2.01165920127711,0.8720508166969148,0.9746450304259635
2.011601690680885,0.8729582577132486,0.9746707193515705
2.0072412466290115,0.8738656987295825,0.9746963562753036
1.9833925168380095,0.8747731397459165,0.974721941354904
1.9597014927064806,0.8756805807622504,0.9747474747474747
1.9562271734325178,0.8765880217785844,0.9747729566094854
1.955745853891786,0.8774954627949183,0.9747983870967742
1.95346632440461,0.8784029038112523,0.9748237663645518
1.9465318461524856,0.8784029038112523,0.9738430583501007
1.9310306944554463,0.8793103448275862,0.9738693467336683
1.9229767069523824,0.8802177858439202,0.9738955823293173
1.9106703747488063,0.8811252268602541,0.9739217652958877
1.875202617437325,0.8820326678765881,0.9739478957915831
1.8699330458778567,0.882940108892922,0.973973973973974
1.8683632524639557,0.8838475499092558,0.974
1.8596434536900839,0.8847549909255898,0.974025974025974
1.8588413416183869,0.8856624319419237,0.9740518962075848
1.857245312025498,0.8865698729582577,0.9740777666999003
1.8419792743056138,0.8874773139745916,0.9741035856573705
1.8339797907735522,0.8883847549909256,0.9741293532338309
1.8300151233149613,0.8892921960072595,0.974155069582505
1.816419766211827,0.8901996370235935,0.974180734856008
1.8135645052618692,0.8911070780399274,0.9742063492063492
1.8120187524290934,0.8920145190562614,0.9742319127849356
1.8109581949253521,0.8929219600725953,0.9742574257425742
1.8033045281281126,0.8938294010889292,0.9742828882294757
1.7688219228206923,0.8947368421052632,0.974308300395257
1.7595245070136063,0.895644283121597,0.9743336623889437
1.756142082117318,0.896551724137931,0.9743589743589743
1.7428808150503787,0.8974591651542649,0.9743842364532019
1.7399569581003353,0.8983666061705989,0.9744094488188977
1.6992286457171732,0.8992740471869328,0.9744346116027532
1.6883353536625672,0.9001814882032668,0.9744597249508841
1.6673773714353057,0.9010889292196007,0.9744847890088322
1.6323845179519623,0.9019963702359347,0.9745098039215686
1.6212273100121524,0.9029038112522686,0.9745347698334965
1.619569055676644,0.9038112522686026,0.974559686888454
1.6015695268740369,0.9038112522686026,0.9736070381231672
1.586143625913059,0.9047186932849365,0.9736328125
1.5531865174175463,0.9056261343012704,0.9736585365853658
1.539922250718289,0.9065335753176044,0.9736842105263158
1.4984791167351161,0.9074410163339383,0.9737098344693281
1.4947340776058504,0.9083484573502723,0.9737354085603113
1.4721396315957855,0.9092558983666061,0.9737609329446064
1.4512204051747875,0.9101633393829401,0.9737864077669903
1.426968399029491,0.911070780399274,0.973811833171678
1.4120521803491428,0.911978221415608,0.9738372093023255
1.409307879017258,0.9128856624319419,0.9738625363020329
1.3601395797415372,0.9137931034482759,0.9738878143133463
1.2812731741798766,0.9147005444646098,0.9739130434782609
1.261057641572176,0.9156079854809437,0.9739382239382239
1.2228878426287297,0.9165154264972777,0.973963355834137
1.1619956873587645,0.9174228675136116,0.9739884393063584
1.1463303618399183,0.9183303085299456,0.9740134744947064
1.1451490049150763,0.9192377495462795,0.9740384615384615
1.138064627154424,0.9201451905626135,0.9740634005763689
1.1374387116685831,0.9210526315789473,0.974088291746641
1.1272182554747205,0.9219600725952813,0.9741131351869607
1.1266954905912492,0.9219600725952813,0.9731800766283525
1.0982268434559075,0.9228675136116152,0.9732057416267943
1.0438236917629988,0.9237749546279492,0.9732313575525813
1.0391636242566635,0.9237749546279492,0.9723018147086915
1.0306326108310007,0.9237749546279492,0.9713740458015268
1.0191069995939552,0.9237749546279492,0.9704480457578646
1.0131872232168062,0.9246823956442831,0.9704761904761905
1.0006423000296543,0.9246823956442831,0.9695528068506185
0.9990559904120322,0.9246823956442831,0.9686311787072244
0.979157773497219,0.925589836660617,0.9686609686609686
0.9782335852221389,0.925589836660617,0.967741935483871
0.9733704943657802,0.926497277676951,0.9677725118483412
0.934546018359907,0.9274047186932849,0.9678030303030303
0.9172561347481845,0.9274047186932849,0.9668874172185431
0.908607302780831,0.9283121597096189,0.9669187145557656
0.9052452603728127,0.9283121597096189,0.9660056657223796
0.8736955665381541,0.9283121597096189,0.9650943396226415
0.8526222136367518,0.9292196007259528,0.9651272384542884
0.8488334120798007,0.9301270417422868,0.9651600753295668
0.7596998306744602,0.9301270417422868,0.9642521166509878
0.7470283874802686,0.9310344827586207,0.9642857142857143
0.7288047272154656,0.9319419237749547,0.964319248826291
0.7175718271196612,0.9328493647912885,0.9643527204502814
0.71722404622955,0.9337568058076225,0.9643861293345829
0.7147834485187963,0.9346642468239564,0.9644194756554307
0.7103198922880065,0.9346642468239564,0.9635173058933583
0.6738224163972657,0.9355716878402904,0.9635514018691589
0.670179655925415,0.9364791288566243,0.9635854341736695
0.6577226657470381,0.9373865698729582,0.9636194029850746
0.6302979856925974,0.9373865698729582,0.9627213420316869
0.6050703342562405,0.9373865698729582,0.9618249534450651
0.5952725543515669,0.9373865698729582,0.9609302325581396
0.5870093362431876,0.9373865698729582,0.9600371747211895
0.5779105961155093,0.9382940108892922,0.9600742804085423
0.5612614946802992,0.9392014519056261,0.9601113172541744
0.5446337582766911,0.9401088929219601,0.9601482854494903
0.5366113251086388,0.941016333938294,0.9601851851851851
0.5275474908404749,0.941923774954628,0.9602220166512488
0.49107851529611635,0.9428312159709619,0.9602587800369686
0.45212170438301813,0.9437386569872959,0.9602954755309326
0.4516113982635295,0.9437386569872959,0.959409594095941
0.4344407776159622,0.9437386569872959,0.9585253456221198
0.42999974839307487,0.9437386569872959,0.9576427255985267
0.4222984424078222,0.9437386569872959,0.9567617295308187
0.40014577454598155,0.9446460980036298,0.9568014705882353
0.38467280942456106,0.9446460980036298,0.9559228650137741
0.3782990197386147,0.9455535390199638,0.9559633027522936
0.27349111646509194,0.9464609800362976,0.9560036663611365
0.23143028475516525,0.9473684210526315,0.9560439560439561
0.21436326468650702,0.9473684210526315,0.9551692589204026
0.20937557204583768,0.9473684210526315,0.9542961608775137
0.19099830636958393,0.9482758620689655,0.954337899543379
0.18525679058836864,0.9482758620689655,0.9534671532846716
0.1505365185719425,0.9482758620689655,0.9525979945305378
0.1336608109154358,0.9491833030852994,0.9526411657559198
0.12517606690715333,0.9500907441016334,0.9526842584167425
0.12268684585792,0.9509981851179673,0.9527272727272728
0.12131839368867059,0.9519056261343013,0.9527702089009991
0.03350475383733831,0.9519056261343013,0.9519056261343013
0.025342341063049778,0.9519056261343013,0.9510426110607434
-0.015433950634871518,0.9519056261343013,0.9501811594202898
-0.028480252731782896,0.9519056261343013,0.9493212669683257
-0.03306024817806841,0.9519056261343013,0.9484629294755877
-0.08285922207567675,0.9519056261343013,0.947606142728094
-0.11816200103579244,0.9528130671506352,0.9476534296028881
-0.14159589250641158,0.9528130671506352,0.9467989179440938
-0.14393070300869937,0.9537205081669692,0.9468468468468468
-0.1503696583608891,0.9537205081669692,0.945994599459946
-0.156851393828783,0.9537205081669692,0.9451438848920863
-0.19159193961122623,0.9546279491833031,0.945193171608266
-0.2079348086792907,0.9546279491833031,0.9443447037701975
-0.24396204390455267,0.9555353901996371,0.9443946188340807
-0.2548169034426031,0.956442831215971,0.9444444444444444
-0.2672239731468016,0.956442831215971,0.9435989256938228
-0.27053992815015127,0.956442831215971,0.9427549194991055
-0.2813428403069218,0.957350272232305,0.9428060768543343
-0.3084074420987344,0.9582577132486388,0.9428571428571428
-0.3112704337722314,0.9582577132486388,0.9420160570918823
-0.31515497244307444,0.9582577132486388,0.9411764705882353
-0.3270225852034958,0.9591651542649727,0.9412288512911843
-0.3289215971734596,0.9600725952813067,0.9412811387900356
-0.3341700347168117,0.9600725952813067,0.9404444444444444
-0.3519971356977496,0.9609800362976406,0.9404973357015985
-0.360046309872474,0.9609800362976406,0.9396628216503993
-0.37117113945453206,0.9609800362976406,0.9388297872340425
-0.47287071891943855,0.9609800362976406,0.9379982285208148
-0.5166591607814901,0.9609800362976406,0.9371681415929204
-0.5335727447499532,0.9618874773139746,0.9372236958443855
-0.5780802196111434,0.9627949183303085,0.9372791519434629
-0.5900364127584652,0.9637023593466425,0.9373345101500441
-0.5965884676588402,0.9637023593466425,0.9365079365079365
-0.604602543135726,0.9637023593466425,0.9356828193832599
-0.6241820784533494,0.9637023593466425,0.9348591549295775
-0.6396745628087337,0.9646098003629764,0.9349164467897977
-0.6534004505679982,0.9646098003629764,0.9340949033391915
-0.6544301428796193,0.9655172413793104,0.9341527655838455
-0.7065585488272934,0.9655172413793104,0.9333333333333333
-0.7072415275677741,0.9655172413793104,0.9325153374233128
-0.72013228188612,0.9664246823956443,0.9325744308231173
-0.7265651590336535,0.9673321234119783,0.9326334208223972
-0.7443733825987136,0.9673321234119783,0.9318181818181818
-0.7703343818647852,0.9673321234119783,0.9310043668122271
-0.8338934555746007,0.9673321234119783,0.9301919720767888
-0.839651623553884,0.9682395644283122,0.93025283347864
-0.86993399516341,0.969147005444646,0.9303135888501742
-0.9023212141914434,0.969147005444646,0.9295039164490861
-0.921968509686045,0.969147005444646,0.928695652173913
-0.9633056871432184,0.97005444646098,0.9287576020851434
-1.0167512641117549,0.97005444646098,0.9279513888888888
-1.1102263833817503,0.9709618874773139,0.9280138768430182
-1.135535157449818,0.9709618874773139,0.9272097053726169
-1.1430579289295932,0.9718693284936479,0.9272727272727272
-1.154494300356779,0.9727767695099818,0.9273356401384083
-1.1605214451115957,0.9727767695099818,0.9265341400172861
-1.1762870481481256,0.9727767695099818,0.92573402417962
-1.2540679295926322,0.9736842105263158,0.9257981018119068
-1.2541690812186905,0.9745916515426497,0.9258620689655173
-1.2968791932908488,0.9754990925589837,0.9259259259259259
-1.3026452598053813,0.9754990925589837,0.9251290877796902
-1.342555114515294,0.9754990925589837,0.9243336199484092
-1.357721392754128,0.9764065335753176,0.9243986254295533
-1.393933945885009,0.9773139745916516,0.9244635193133047
-1.4107662634001146,0.9782214156079855,0.9245283018867925
-1.4443553049727464,0.9782214156079855,0.9237360754070265
-1.4535429004596168,0.9782214156079855,0.922945205479452
-1.4703383245515533,0.9782214156079855,0.9221556886227545
-1.4750536982729652,0.9782214156079855,0.9213675213675213
-1.4844540188520994,0.9791288566243194,0.9214346712211785
-1.484615574864844,0.9791288566243194,0.9206484641638225
-1.5569923918474267,0.9791288566243194,0.9198635976129582
-1.5624229872083177,0.9791288566243194,0.9190800681431005
-1.596665270086127,0.9791288566243194,0.9182978723404255
-1.6482643742445395,0.9800362976406534,0.9183673469387755
-1.664035220191603,0.9800362976406534,0.9175870858113849
-1.6662673224944915,0.9800362976406534,0.9168081494057725
-1.6875332642045597,0.9800362976406534,0.916030534351145
-1.7186459252835191,0.9800362976406534,0.9152542372881356
-1.7582885782681865,0.9809437386569873,0.9153259949195597
-1.7626359890404681,0.9809437386569873,0.9145516074450084
-1.8411647055450282,0.9809437386569873,0.9137785291631445
-1.841539236859727,0.9809437386569873,0.9130067567567568
-1.8684104524238334,0.9809437386569873,0.9122362869198313
-1.8803760963142686,0.9818511796733213,0.9123102866779089
-1.924450150712115,0.9818511796733213,0.9115417017691659
-1.9258950397861732,0.9818511796733213,0.9107744107744108
-1.9541776948150464,0.9818511796733213,0.9100084104289319
-1.9643899047756972,0.9827586206896551,0.9100840336134454
-1.9906918354589243,0.9827586206896551,0.9093198992443325
-2.0035560809619186,0.9827586206896551,0.9085570469798657
-2.0068263024362683,0.9827586206896551,0.9077954735959766
-2.017084054890062,0.9827586206896551,0.907035175879397
-2.0196363620888294,0.9827586206896551,0.906276150627615
-2.0300259806896457,0.9827586206896551,0.9055183946488294
-2.030457725558941,0.9827586206896551,0.9047619047619048
-2.03477465725341,0.9836660617059891,0.9048414023372288
-2.045089758737242,0.984573502722323,0.9049207673060884
-2.0499611875853425,0.984573502722323,0.9041666666666667
-2.120368595866173,0.985480943738657,0.9042464612822648
-2.1988544545120554,0.985480943738657,0.9034941763727121
-2.2554747285695633,0.9863883847549909,0.9035743973399833
-2.3885977349229277,0.9863883847549909,0.9028239202657807
-2.430800700170071,0.9863883847549909,0.9020746887966805
-2.442879522907702,0.9863883847549909,0.9013266998341625
-2.471659309001396,0.9863883847549909,0.9005799502899752
-2.4722473806156375,0.9863883847549909,0.8998344370860927
-2.492624224442534,0.9863883847549909,0.8990901571546733
-2.5345958853218082,0.9863883847549909,0.8983471074380165
-2.5534954612492897,0.9863883847549909,0.8976052848885219
-2.67372399171182,0.9863883847549909,0.8968646864686468
-2.692159080791546,0.9863883847549909,0.8961253091508656
-2.7439805047463377,0.9863883847549909,0.8953871499176277
-2.8847776200980175,0.9863883847549909,0.8946502057613168
-2.931307082630819,0.9872958257713249,0.8947368421052632
-2.9321358054592634,0.9872958257713249,0.8940016433853739
-3.007407664146448,0.9882032667876588,0.8940886699507389
-3.069945452256004,0.9882032667876588,0.8933552091878589
-3.083616899627527,0.9882032667876588,0.8926229508196721
-3.1015754118218264,0.9882032667876588,0.8918918918918919
-3.164088237970395,0.9882032667876588,0.8911620294599017
-3.1863194844567007,0.9882032667876588,0.8904333605887162
-3.21548199906071,0.9891107078039928,0.8905228758169934
-3.2217167368080157,0.9891107078039928,0.889795918367347
-3.245131766286837,0.9891107078039928,0.8890701468189234
-3.311468053250537,0.9891107078039928,0.8883455582722086
-3.329528042343604,0.9891107078039928,0.8876221498371335
-3.3537565417433184,0.9900181488203267,0.887713588283157
-3.363100002213547,0.9909255898366606,0.8878048780487805
-3.4443678268488527,0.9909255898366606,0.8870836718115354
-3.5187973110998074,0.9909255898366606,0.8863636363636364
-3.533478548493231,0.9918330308529946,0.8864557988645579
-3.5457810428964036,0.9918330308529946,0.8857374392220422
-3.5494222602960916,0.9918330308529946,0.8850202429149797
-3.5631195910323674,0.9918330308529946,0.8843042071197411
-3.6571734420143676,0.9918330308529946,0.883589329021827
-3.672004032390723,0.9918330308529946,0.882875605815832
-3.7535032456518227,0.9918330308529946,0.8821630347054076
-3.7754982090274263,0.9918330308529946,0.8814516129032258
-4.041685230262016,0.9918330308529946,0.8807413376309428
-4.07465708246505,0.9927404718693285,0.8808373590982287
-4.126477358304208,0.9927404718693285,0.8801287208366855
-4.151509710055524,0.9927404718693285,0.8794212218649518
-4.159469568445407,0.9927404718693285,0.878714859437751
-4.159810549509213,0.9927404718693285,0.8780096308186196
-4.170054029499195,0.9927404718693285,0.8773055332798717
-4.172433362009723,0.9927404718693285,0.8766025641025641
-4.318720255623909,0.9927404718693285,0.8759007205764612
-4.332358828649772,0.9927404718693285,0.8752
-4.346371720935693,0.9927404718693285,0.8745003996802558
-4.375100884361294,0.9927404718693285,0.8738019169329073
-4.388059344708723,0.9927404718693285,0.8731045490822027
-4.477591423865514,0.9927404718693285,0.8724082934609251
-4.482348440367924,0.9927404718693285,0.8717131474103585
-4.497783245683115,0.9936479128856625,0.8718152866242038
-4.507230338820852,0.9936479128856625,0.8711217183770883
-4.553569874052368,0.9945553539019963,0.8712241653418124
-4.561913657025495,0.9945553539019963,0.8705321683876092
-4.5825128347206405,0.9954627949183303,0.8706349206349207
-4.731991220660242,0.9954627949183303,0.8699444885011896
-4.816586535703575,0.9954627949183303,0.8692551505546752
-4.864846404478179,0.9954627949183303,0.8685669041963578
-4.882828570987295,0.9954627949183303,0.867879746835443
-4.9496486494131275,0.9954627949183303,0.867193675889328
-5.1315795765130465,0.9954627949183303,0.8665086887835703
-5.1523920514476815,0.9954627949183303,0.8658247829518547
-5.19470126096516,0.9954627949183303,0.8651419558359621
-5.284153141399,0.9954627949183303,0.8644602048857368
-5.310753119287235,0.9954627949183303,0.8637795275590551
-5.324222206424583,0.9954627949183303,0.8630999213217939
-5.572163963692508,0.9954627949183303,0.8624213836477987
-5.672820298168118,0.9954627949183303,0.8617439120188531
-5.737961919513782,0.9954627949183303,0.8610675039246468
-5.765143225708837,0.9954627949183303,0.8603921568627451
-5.877926251465532,0.9954627949183303,0.859717868338558
-5.887421941709478,0.9954627949183303,0.8590446358653093
-5.990184822138029,0.9954627949183303,0.8583724569640062
-6.020608384945866,0.9954627949183303,0.8577013291634089
-6.081141610912135,0.9963702359346642,0.8578125
-6.114779058957333,0.9963702359346642,0.8571428571428571
-6.124560487229148,0.9963702359346642,0.8564742589703588
-6.1370321612671574,0.9963702359346642,0.8558067030397506
-6.209487080612946,0.9963702359346642,0.8551401869158879
-6.317994265830618,0.9963702359346642,0.8544747081712062
-6.383842992891047,0.9963702359346642,0.8538102643856921
-6.486237954951693,0.9972776769509982,0.853923853923854
-6.578394789969572,0.9981851179673321,0.8540372670807453
-6.610700570332508,0.9981851179673321,0.8533747090768037
-6.66161931141907,0.9981851179673321,0.8527131782945736
-6.759008412978581,0.9981851179673321,0.8520526723470179
-6.839507671695151,0.9981851179673321,0.8513931888544891
-6.849071426495041,0.9981851179673321,0.8507347254447022
-6.912754694904235,0.9981851179673321,0.8500772797527048
-6.978853193743285,0.9981851179673321,0.8494208494208494
-7.0514049002131145,0.9990925589836661,0.8495370370370371
-7.083827903061666,0.9990925589836661,0.848882035466461
-7.202803759299036,0.9990925589836661,0.8482280431432974
-7.238535666858577,0.9990925589836661,0.8475750577367206
-7.26981123974551,0.9990925589836661,0.8469230769230769
-7.783487766164165,0.9990925589836661,0.846272098385857
-7.867782357367323,0.9990925589836661,0.8456221198156681
-7.926295471106292,0.9990925589836661,0.8449731389102072
-7.94639672326397,0.9990925589836661,0.8443251533742331
-7.954502777764681,0.9990925589836661,0.8436781609195402
-7.966428883952902,0.9990925589836661,0.8430321592649311
-8.077188808018263,0.9990925589836661,0.8423871461361897
-8.182723771204206,0.9990925589836661,0.841743119266055
-8.200198730941054,0.9990925589836661,0.841100076394194
-8.415787242607099,0.9990925589836661,0.8404580152671756
-8.423021832285162,0.9990925589836661,0.8398169336384439
-8.4525658692238,0.9990925589836661,0.8391768292682927
-8.47144063772929,0.9990925589836661,0.8385376999238385
-8.474261885427808,0.9990925589836661,0.8378995433789954
-8.519783885616766,0.9990925589836661,0.8372623574144487
-8.537434554807017,0.9990925589836661,0.8366261398176292
-8.598146784127822,0.9990925589836661,0.835990888382688
-8.669688357303025,0.9990925589836661,0.8353566009104704
-8.84169033269852,0.9990925589836661,0.8347232752084913
-8.847449181450298,0.9990925589836661,0.8340909090909091
-8.96784865546328,0.9990925589836661,0.8334595003785011
-9.06944666519076,0.9990925589836661,0.8328290468986385
-9.189601480250566,0.9990925589836661,0.8321995464852607
-9.291897360980958,0.9990925589836661,0.831570996978852
-9.335663222746366,0.9990925589836661,0.8309433962264151
-9.401455033070633,0.9990925589836661,0.830316742081448
-9.762587992884315,0.9990925589836661,0.8296910324039186
-9.810291466499471,0.9990925589836661,0.829066265060241
-9.834137940764904,0.9990925589836661,0.8284424379232506
-9.955135518279562,0.9990925589836661,0.8278195488721805
-10.176035819999381,0.9990925589836661,0.8271975957926371
-10.264936932484122,0.9990925589836661,0.8265765765765766
-10.333789297448066,0.9990925589836661,0.8259564891222806
-10.72968619644644,0.9990925589836661,0.8253373313343328
-11.023110387553025,0.9990925589836661,0.8247191011235955
-11.128256493755178,0.9990925589836661,0.8241017964071856
-11.319400158013247,0.9990925589836661,0.8234854151084517
-11.377508565160653,0.9990925589836661,0.8228699551569507
-11.586659059380253,0.9990925589836661,0.8222554144884242
-11.62979720149358,1.0,0.8223880597014925
-11.697293054576816,1.0,0.8217747949291574
-11.891441623682283,1.0,0.8211624441132638
-12.091160397174068,1.0,0.8205510052122115
-12.431030438060292,1.0,0.8199404761904762
-12.453131763497357,1.0,0.8193308550185874
-13.05262397371206,1.0,0.8187221396731055
-13.061941493198127,1.0,0.8181143281365999
-13.117626145032892,1.0,0.8175074183976261
-13.926538337585212,1.0,0.8169014084507042
-13.991445493069067,1.0,0.8162962962962963
-14.197898916499268,1.0,0.8156920799407846
-15.081906570821046,1.0,0.8150887573964497
-15.255068771947519,1.0,0.8144863266814486
-15.362452823074655,1.0,0.8138847858197932
-15.373969914068557,1.0,0.8132841328413284
-15.495787478339404,1.0,0.8126843657817109
-15.699137280061404,1.0,0.8120854826823877
-16.554082619144445,1.0,0.8114874815905744
-16.938868885722865,1.0,0.8108903605592347
-17.39715899410299,1.0,0.8102941176470588
-17.654821863883384,1.0,0.8096987509184423
-17.716393710781798,1.0,0.8091042584434655
-18.24985785991632,1.0,0.8085106382978723
-18.338964064972764,1.0,0.8079178885630498
-18.733307216624098,1.0,0.8073260073260073
-19.122501114827877,1.0,0.8067349926793558
-19.13695704955549,1.0,0.8061448427212875
-19.20296674336455,1.0,0.8055555555555556
-19.686376614966193,1.0,0.8049671292914536
-20.621328197201677,1.0,0.8043795620437956
-20.922254437130327,1.0,0.8037928519328957
-20.937432230378327,1.0,0.8032069970845481
-20.967386800162515,1.0,0.8026219956300072
-21.159189733695584,1.0,0.8020378457059679
-21.92144710021178,1.0,0.8014545454545454
-23.41843232603655,1.0,0.8008720930232558
-23.527177919884323,1.0,0.8002904865649964
-23.669277311110534,1.0,0.7997097242380261
-24.04092547697506,1.0,0.7991298042059464
-25.32965359700107,1.0,0.7985507246376812
-26.291091160131046,1.0,0.7979724837074583
-27.30386846246686,1.0,0.7973950795947902
